Peptide,PV_17,PV_18,PV_19,PV_20,PV_21,PV_22,PV_23,PV_24,PV_25,PV_27,PV_28,PV_29,PV_1,PV_10,PV_11,PV_12,PV_13,PV_14,PV_16,PV_3,PV_5,PV_6,PV_7,PV_8,,,
H2A.1 KGNYAER unmod,53563,438413,244326,335777,49190,250,553,,23608,7881,16761,4251,175857,84850,162750,347827,1600,598,,4395,24874,15458,1536,3872,,,
H2A.1 KGNYAER K36ac,,,,,,,,,,,,,,,,,,,,,,,,,,,
H2A.3 KGNYSER unmod,,,,,,,,,,,,,,,,,,,,,,,,,,,
H2A.3 KGNYSER K36ac,35388,195353,252253,,5515,4019,504,1285,1653,2564,6181,5948,,,290959,481212,905,1502,7026,119,174595,3495,15974,9189,,,
H2A.X KGHYAER unmod,,8284,,,4534,,,,,,,,,,,,,,,,,,,,,,
H2A.X KGHYAER K36ac,,5157,52389,2129,4300,,,,1427,1086,7478,,,,50296,3650,,,358,246,,,165,,,,
H2A.1 GKQGGKAR unmod,304,2125,,,,,728,458,,159,221,,4214,417,704,390,,185,,34,,87,,,,,
H2A.1 GKQGGKAR K5ac,,,,,,,,,,,,,,,,,,,,,,,,,,,
H2A.1 GKQGGKAR K9ac,,,,,,,,,,,,,,,,,,,,,,,,,,,
H2A.1 GKQGGKAR K5acK9ac,,,,,,,,,,,,,,,,,,,,,,,,,,,
H2A.1 GKQGGKAR K5me1,475,10670,12984,13650,1369,,,,,,2605,118,,,,,,,,,3597,,,172,,,
H2A.1 GKQGGKAR K9me2,,,,,,,,,,,,,,,,,,,,,,,,,,,
H2A.3 AKAKSR unmod,534,3624,2236,,341,69,29,201,,,424,,3372,2221,2391,667,,,,93,,,321,,,,
H2A.3 AKAKSR K13ac,8889,22131,38524,41361,13755,,,186,1546,244,6348,39,,,,4932,,,,261,3278,,,,,,
H2A.3 AKAKSR K15ac,7838,63567,,3274,9973,,,,,,,,3313,11823,67320,93401,,,,,16633,38946,,,,,
H2A.3 AKAKSR K13acK15ac,621,4486,16373,3578,,,,,,,,,,,,7689,,,,,555,,,,,,
H2A.3 AKAKSR K13me1,,8969,17405,,266,,,,,,,,,,,,,,,,,,,,,,
H2A.3 AKAKSR K15me1,984820,1191340,414766,1538441,4630752,36458,51893,190357,7110433,5106249,1.55E+07,316225,793034,1740322,1156451,1659972,18997,26649,758743,1568443,8846030,1.73E+07,,1456141,,,
H2A.1 DNKKTR unmod,107130,494928,165763,416730,82335,2558,1598,11447,20757,5433,11733,4479,259274,103124,128101,383074,6053,2991,1429,4957,29652,9579,1999,6905,,,
H2A.1 DNKKTR K74ac,,,3341,,,,,,,,,,,,,,,,,,,,,,,,
H2A.1 HLQLAIR unmod,260918,2135987,1667550,4141260,2209903,43821,30032,19254,519673,351447,860226,20307,2850313,201122,1630143,2337686,17310,13491,15545,23201,1224966,806624,21226,20604,,,
H2A.X GKTGGKAR unmod,,,,,,,,,,,,,,,,5522,,,,,2014,2634,,,,,
H2A.1 AGLQFPVGR unmod,114863,775909,1420695,2696579,1922832,,31281,,366351,268798,822759,29058,1244455,372678,1616069,1909822,20201,19768,19511,,1245209,782918,29008,22679,,,
H2B.1K EIQTAVR unmod,172032,1125372,917655,1120581,340824,16637,6997,45241,78454,64976,158549,47957,493950,317589,603381,1277280,24721,9944,16429,54442,219182,124248,19912,60740,,,
H2B.Ac EVQTAVR unmod,4160,10458,,3960,13146,3160,,5129,14610,8138,47628,12886,,3612,6886,12878,2231,1814,,7984,9649,41764,11756,21039,,,
H2B.Ac ISAEASR unmod,51179,362441,132786,283802,14677,2648,1260,6146,2069,6509,3785,5017,49573,66546,82738,493782,3889,1949,,12165,21695,4469,2037,6621,,,
H2B.1K IAGEASR unmod,168,1993,164,,260,,185,12,677,315,81,,1201,234,958,,,64,,87,,,,,,,
H2B.Ac PPKVSSKGAKKAGKAKAVR unmod,,,,,,,,,,,,,,,,,,,,,,,,,,,
H2B.Ac  LAHYNKR unmod,236945,852054,1551670,2198597,1013096,10033,3183,2127,225435,111454,247898,1770,1153893,495329,678959,1670207,797,407,1313,5392,529190,193550,2212,2894,,,
H3.1 TKQTAR unmod,88283,281233,106611,367336,49047,1523,351,8237,11603,3571,4568,3023,251254,71530,54406,372431,6505,293,1260,2848,11439,4313,485,6816,,,
H3.1 TKQTAR K4me1,17991,96013,22870,91125,11372,,,335,1777,259,1374,111,69276,21713,15103,120545,,,,226,4240,509,,,,,
H3.1 TKQTAR K4me2,,,,,,,,,,,,,,,,,,,,,,,,,,,
H3.1 TKQTAR K4me3,,,,,,,,,,,,,,,,,,,,,,,,,,,
H3.1 TKQTAR K4ac,,,,,,,,,,,127194,,,,,,,,,,23325,126632,,616,,,
H3.1 KSTGGKAPR unmod,78041,613484,220393,588614,60542,442,276,5937,16430,6247,13371,2734,409340,150145,122042,509087,1318,70,136,1348,19023,8107,349,4030,,,
H3.1 KSTGGKAPR K9me1,37413,372223,251842,577660,90425,138,,530,19668,6588,16920,46,346263,126047,136942,495055,,,,38,24944,11860,,309,,,
H3.1 KSTGGKAPR K9me2,73448,284133,117154,347106,34398,,,1693,9283,1700,3440,192,346263,70509,72627,306024,135,,247,912,11917,1518,,1684,,,
H3.1 KSTGGKAPR K9me3,10646,40790,17046,56933,3891,,,,1041,,,,46867,8411,10787,45487,,,,,1800,,,,,,
H3.1 KSTGGKAPR K9ac,614,17070,2439,13691,,,,,,,,,8647,460,226,14243,,,,,,1225,,216,,,
H3.1 KSTGGKAPR K14ac,14641,130805,38177,127060,12757,,,429,1888,235,1225,38,73744,27887,19189,119446,,,,362,3160,335,319,,,,
H3.1 KSTGGKAPR K9me1K14ac,16920,182329,97717,199514,28548,,,250,6422,1852,,95,123104,45501,49322,199766,,,,,14102,4279,,425,,,
H3.1 KSTGGKAPR K9me2K14ac,31041,112598,56846,174702,14698,,,1341,2894,2567,1590,,67059,28121,39850,160445,,,,543,3037,1722,,832,,,
H3.1 KSTGGKAPR K9me3K14ac,2289,11519,4030,17754,1050,,,,,,,,8012,1398,3255,17210,,,,,,,,,,,
H3.1 KSTGGKAPR K9acK14ac,,11208,10784,3761,7059,,,,,,,,,16476,93957,3139,,,,,1377,2915,,,,,
H3.1 KQLATKAAR unmod,40765,932797,941908,3519161,1931994,20232,10841,3233,227273,99507,407657,5577,1859722,324212,943901,1813896,4199,2374,3116,2825,705261,317539,5579,2284,,,
H3.1 KQLATKAAR K18me1,,,,,,,,,,,,,,,,,,,,,,,,,,,
H3.1 KQLATKAAR K23me1,,,,,,,,,,,,,,,,,,,,,,,,,,,
H3.1 KQLATKAAR K18me1K23me1,,,,,,,,,,,,,,,,,,,,,,,,,,,
H3.1 KQLATKAAR K18ac,468,40210,42737,176375,72612,,,,,545,10173,,34804,15744,34099,108068,,,,,17204,10233,,,,,
H3.1 KQLATKAAR K23ac,12463,407765,411410,1217896,699089,6617,998,492,60383,36472,151081,937,1859722,118755,360643,796681,431,232,34,159,267400,110772,1073,127,,,
H3.1 KQLATKAAR K18acK23ac,929,60366,58258,275458,83484,,,,9135,3353,19786,,106828,16594,38969,209939,,,,,36494,12322,,,,,
H3.1 KSAPATGGVKKPHR unmod,,,1627,1537,2495,,,,,,,,2206,,3174,1544,,,,,677,,,,,,
H3.1 KSAPATGGVKKPHR K27me1,,,,,,,,,,,,,,,,,,,,,,,,,,,
H3.1 KSAPATGGVKKPHR K36me1,,,,,,,,,,,,,,,,,,,,,,,,,,,
H3.1 KSAPATGGVKKPHR K27me2,2550,213911,392371,405184,68200,,,,12809,1511,9416,,195495,68976,272905,284360,,,,,28876,6889,,,,,
H3.1 KSAPATGGVKKPHR K36me2,,,18646,26035,2346,,,,,,,,7643,342,17180,14930,,,,,,,,,,,
H3.1 KSAPATGGVKKPHR K27me3,2445,212826,361217,545795,50785,,,,7399,195,8242,,210971,54741,2533803,413683,,,,,12509,6918,,,,,
H3.1 KSAPATGGVKKPHR K36me3,,16882,29777,46662,4161,,,,,,771,,,,28162,22557,,,,,2084,,,,,,
H3.1 KSAPATGGVKKPHR K27me1K36me1,4622,150984,39942,13340,9209,,,,1921,2665,11851,,,37940,21927,10359,,85,317,644,3774,15091,,,,,
H3.1 KSAPATGGVKKPHR K27me1K36me2,,,,,,,,,,,,,,,,,,,,,,,,,,,
H3.1 KSAPATGGVKKPHR K27me1K36me3,,5743,16809,38191,1586,,,,,,1537,,8096,,25202,16592,,,,,4112,,,,,,
H3.1 KSAPATGGVKKPHR K27me2K36me1,,37310,73287,148382,9041,,,,966,,3849,,32167,3180,54429,77489,,,,,8345,2142,,,,,
H3.1 KSAPATGGVKKPHR K27me2K36me2,,12599,17079,29130,,,,,,,,,7708,,21849,26742,,,,,,,,,,,
H3.1 KSAPATGGVKKPHR K27me2K36me3,,10915,16568,52917,,,,,,,,,10242,,24025,38788,,,,,,,,,,,
H3.1 KSAPATGGVKKPHR K27me3K36me1,,21088,55425,156190,4501,,,,333,,2044,,35107,,46668,91295,,,,,5802,,,,,,
H3.1 KSAPATGGVKKPHR K27me3K36me2,5240,54326,48350,46631,75788,,,3458,10986,2259,,,31029,16333,38053,55563,302,,,1126,14994,5718,,1983,,,
H3.1 KSAPATGGVKKPHR K27me3K36me3,,,,,2409,,,,,,670,,,27887,776,466,,,,,706,3197,,,,,
H3.1 KSAPATGGVKKPHR K27ac,,,,,,,,,,,,,,,,,,,,,,,,,,,
H3.3 KSAPSTGGVKKPHR unmod,,2593,,7164,2228,,,,,,,,,,,7799,,,,,644,,,,,,
H3.3 KSAPSTGGVKKPHR K27me1,,,,,,,,,,,,,,,,,,,,,,,,,,,
H3.3 KSAPSTGGVKKPHR K36me1,,,,,,,,,,,,,,,,,,,,,,,,,,,
H3.3 KSAPSTGGVKKPHR K27me2,580,25569,57032,69945,3233,,,,441,,,,23107,4192,33624,61077,,,,,,,,,,,
H3.3 KSAPSTGGVKKPHR K36me2,,,,,,,,,,,,,,,,,,,,,,,,,,,
H3.3 KSAPSTGGVKKPHR K27me3,,11114,25852,50374,1824,,,,,,,,13607,2070,14159,38126,,,,,,,,,,,
H3.3 KSAPSTGGVKKPHR K36me3,,,,,,,,,,,,,,,,,,,,,,,,,,,
H3.3 KSAPSTGGVKKPHR K27me1K36me1,,,,,,,,,,,,,,,,,,,,,,,,,,,
H3.3 KSAPSTGGVKKPHR K27me1K36me2,,,,,,,,,,,,,,,,,,,,,,,,,,,
H3.3 KSAPSTGGVKKPHR K27me1K36me3,,,,,,,,,,,,,,,,,,,,,,,,,,,
H3.3 KSAPSTGGVKKPHR K27me2K36me1,,10243,16048,62881,3407,,,,,,,,8215,436,13234,49089,,,,,1798,,,,,,
H3.3 KSAPSTGGVKKPHR K27me2K36me2,,,,,,,,,,,,,,,,,,,,,,,,,,,
H3.3 KSAPSTGGVKKPHR K27me2K36me3,,,,,,,,,,,,,,,,,,,,,,,,,,,
H3.3 KSAPSTGGVKKPHR K27me3K36me1,,1835,3781,13581,415,,,,,,,,3062,,1418,14011,,,,,,,,,,,
H3.3 KSAPSTGGVKKPHR K27me3K36me2,,,,,,,,,,,,,,,,,,,,,,,,,,,
H3.3 KSAPSTGGVKKPHR K27me3K36me3,,,,,,,,,,,,,,,,,,,,,,,,,,,
H3.3 KSAPSTGGVKKPHR K27ac,,,,,,,,,,,,,,,,,,,,,,,,,,,
H3.1 YRPGTVALR unmod,176645,1540044,2723606,3732341,2090348,26402,10589,7188,642304,,817046,10069,1536543,611470,2564763,3653846,4682,3310,4125,9540,1278418,864407,15039,7975,,,
H3.1 YRPGTVALR Y41ph,,,,,,,,,,,,,,265,,,,,,,,,,,,,
H3.1 YQKSTELLIR unmod,166,2113,2526,39542,79507,452,,,2595,1657,10049,91,11445,747,24762,2704,,,,,36913,5474,169,,,,
H3.1 YQKSTELLIR K56me1,,,,,,,,,,,,,,,,,,,,,,,,,,,
H3.1 YQKSTELLIR K56me2,,,,,,,,,,,,,,,,,,,,,,,,,,,
H3.1 YQKSTELLIR K56me3,,,,,,,,,,,,,,,,,,,,,,,,,,,
H3.1 YQKSTELLIR K56ac,,,,,,,,,,,,,,,,,,,,,,,,,,,
H3.1 EIAQDFKTDLR unmod,499,1969,965,9972,71899,464,,129,1137,1028,16465,158,1445,904,19572,2024,41,45,140,36,20217,6173,247,,,,
H3.1 EIAQDFKTDLR K79me1,,,,,16996,,,,,,,,,,,,,,,,938,3433,,,,,
H3.1 EIAQDFKTDLR K79me2,,,,18128,5443,,,,,,4885,,359,,19236,578,,,,,9708,2616,,,,,
H3.1 EIAQDFKTDLR K79me3,,,,,,,,,,,,,,,,,,,,,,,,,,,
H3.1 EIAQDFKTDLR K79ac,,,,,,,,,,,,,,,,,,,,,,,,,,,
H3.1 VTIMPKDIQLAR unmod,,,,,4736,,,,,11,2426,,,,8346,,,,,,2596,110,,,,,
H3.1 VTIMPKDIQLAR K122ac,,,,,,,,,,,4190,,,,763,,,,,,,5331,,,,,
H3.1 KLPFQR unmod,50423,311735,843225,1698132,1210743,17749,4637,4268,154079,102743,354568,5424,474667,225431,692584,1240177,1912,1516,2740,8057,609490,316330,7112,5130,,,
H3.1 RIRGER unmod,,,,5002,4201,,,,33,,,,,,,9173,,,,,,,,,,,
H3.1 IRGERA unmod,10967,38030,37660,22060,9729,,,1002,6961,4299,7635,,62057,7003,14670,49320,,,,,872,1731,,3242,,,
H4. GKGGKGLGKGGAKR unmod,487,98248,69144,436035,141076,418,22,,6411,2195,22278,,142232,36272,163144,202837,,,,,58300,25507,,,,,
H4. GKGGKGLGKGGAKR K5ac,,,,,,,,,,,,,,,,,,,,,,,,,,,
H4. GKGGKGLGKGGAKR K8ac,,,,,,,,,,,,,,,,,,,,,,,,,,,
H4. GKGGKGLGKGGAKR K12ac,,6068,,37886,15271,,,,,,,,7553,27126,7718,22142,,,,,5296,,,,,,
H4. GKGGKGLGKGGAKR K16ac,291,116100,105598,364817,169333,247,,,19324,3848,19569,,166270,38579,138915,215430,,,,,67335,24657,,,,,
H4. GKGGKGLGKGGAKR K5acK8ac,,,,,,,,,,,,,,,,,,,,,,,,,,,
H4. GKGGKGLGKGGAKR K5acK12ac,,,,,,,,,,,,,,,,,,,,,,,,,,,
H4. GKGGKGLGKGGAKR K5acK16ac,,9692,10110,54448,8107,,,,,,,,,,,7211,,,,,3569,,,,,,
H4. GKGGKGLGKGGAKR K8acK12ac,,881,,3261,1220,,,,1348,,,,,,,,,,,,1973,2196,,,,,
H4. GKGGKGLGKGGAKR K8acK16ac,,,,,6586,,,,,,,,46037,3339,11726,37883,,,,,,,,,,,
H4. GKGGKGLGKGGAKR K12acK16ac,,,,,,,,,,,,,,,,,,,,,,,,,,,
H4. GKGGKGLGKGGAKR K5acK8acK12ac,,,,,,,,,,,,,,,,,,,,,,,,,,,
H4. GKGGKGLGKGGAKR K5acK8acK16ac,,,,,,,,,,,,,,,,,,,,,,,,,,,
H4. GKGGKGLGKGGAKR K5acK12acK16ac,,772,,5102,34469,,,,,,,,,,,3410,,,,,,,,,,,
H4. GKGGKGLGKGGAKR K8acK12KacK16ac,,,,,,,,,,,,,,,,,,,,,,,,,,,
H4. GKGGKGLGKGGAKR K5acK8acK12acK16ac,,,,675,,,,,,,,,,,,1751,,,,,,,,,,,
H4. KVLR unmod,8766,92117,186974,18383,53726,1222,485,2648,6159,5781,4705,1700,4898,25405,93167,18669,1470,1582,1841,4177,10427,10979,2494,2563,,,
H4. KVLR K20me1,182524,463530,525679,1683896,765771,3015,1426,10323,43934,22312,83052,8878,1083588,253214,329656,864925,4313,2125,2660,7530,146089,107852,5047,15788,,,
H4. KVLR K20me2,1262572,1857347,1709056,4855355,1134215,6668,5379,72439,393343,202237,437489,55620,2481323,1044252,1926093,4186780,13976,18465,30861,66300,851940,401285,18404,118809,,,
H4. KVLR K20me3,32071,47616,53341,152007,24142,,,335,8241,3694,12665,116,82455,23789,59988,161233,123,,,1735,29966,12793,,2687,,,
H4. KVLR K20ac,137,2275,15869,,2811,,,,,,,,,,,6646,,,,,,,,,,,
H4. DNIQGITKPAIR unmod,1543,24381,28333,364243,393309,2910,898,490,19240,12226,137767,474,144731,11530,302850,101177,570,247,265,20,263153,51598,892,,,,
H4. RGGVKR unmod,139388,504570,277708,550648,137662,,,14053,31847,11614,19954,2669,280514,133363,203861,540217,4861,2069,1733,5480,54210,14652,678,7050,,,
H4. RGGVKR K44ac,,,,,,,,,,,,,,,,,,,,,,,,,,,
H4. ISGLIYEETR unmod,3008,16059,15389,112601,206896,4873,1704,1394,18737,31578,221769,3402,26204,8340,243919,40425,1285,1302,1071,976,531112,259275,6717,2009,,,
H4. DAVTYTEHAKR unmod,1718,103852,136849,167507,54269,112,,,19475,3853,11440,,30529,32428,112056,113646,,,,,7992,7713,,,,,
H4. TLYGFGG unmod,27817,137808,208867,622233,411813,5025,1517,6707,1735,8032,23651,2318,323265,66666,283262,590633,1545,2517,1186,4622,74321,13281,7244,6035,,,