fragment_ID,chla.ug.cm2,chlc2.ug.cm2,timepoint,host_prot_ug.cm2,holobiont_prot_ug.cm2,surface.area.cm2,Host_AFDW.mg.cm2,Sym_AFDW.mg.cm2,Host_DW.mg.cm2,Sym_DW.mg.cm2,cells.cm2,code,holobiont_mgprot,host_mgprot,mgafdw,cells,cells.holobiont.mgprot,chla.ug.holobiont.mgprot,chlc2.ug.holobiont.mgprot,holobiont_prot_mg.cm2,host_prot_mg.cm2,chla.ug.cell,chlc2.ug.cell,Total_Chl_cm2,date_collection,coral_species,treatment,tag_color,colony_ID,genotype,site,tank_num,notes
ACR1_1,3.7762800712740114,3.0903884764683505,TP1,659.5600360891967,1167.0420398964557,23.36313073575475,1.7572559287685625,0.8682911648032895,65.70972946063966,46.278814779960655,1574489.327481463,ACR1_1 - TP1,27.265755752222805,15.409387351231025,20.286000000000026,36785000,1349128.2007468708,3.2357703854516306,2.648052401559194,1.1670420398964556,0.6595600360891968,2.398415794481446e-6,1.9627878211227404e-6,6.866668547742362,20220319,Acropora,initial,blue,ACR1,1,Mahana,17,NA
ACR10_1,3.1282527817005232,1.0913362605148706,TP1,450.25910446664193,886.5102815247824,14.911478788693884,0.5134467284227524,0.985817718571662,52.19644952921364,33.25089396069412,1316100.185508092,ACR10_1 - TP1,13.219179258915835,6.714029085670635,14.699999999999935,19625000,1484585.360075489,3.528727017491532,1.2310474940434883,0.8865102815247824,0.4502591044666419,2.3769108280254774e-6,8.292197452229297e-7,4.219589042215394,20220319,Acropora,initial,blue,ACR10,10,Mahana,5,NA
ACR11_1,2.934744127662107,2.579525717820669,TP1,842.4236745897713,936.9415417267626,10.926669505668983,2.316579629947389,0.9312078117418059,85.99841420228519,45.48778561867644,923771.8771271661,ACR11_1 - TP1,10.2376505725803,9.204885075993666,10.174999999999933,10093750,985943.9847492244,3.1322595882059385,2.753134110231317,0.9369415417267626,0.8424236745897713,3.176914344685242e-6,2.7923839009287926e-6,5.514269845482776,20220319,Acropora,initial,blue,ACR11,11,Mahana,1,NA
ACR12_1,3.430835379541875,1.9730908272474414,TP1,567.0869071655208,897.4170749465982,14.397309848948737,2.5560330635439668,0.9646246518070162,87.21837712561903,57.67174622977418,977034.3775503163,ACR12_1 - TP1,12.920391691743426,8.16452591374403,13.8879999999999,14066666.666666668,1088718.283645824,3.823011033911997,2.1986330351078425,0.8974170749465982,0.5670869071655208,3.5114786729857823e-6,2.019469194312796e-6,5.403926206789317,20220319,Acropora,initial,blue,ACR12,12,Mahana,11,NA
ACR13_1,4.131356353450155,6.0540137866681585,TP1,435.50213395345827,777.7601478066676,18.478525808175856,0.594609121639914,0.7240837358400064,56.61071185327775,38.02359599969411,700813.481250233,ACR13_1 - TP1,14.371860963816177,8.047437421774637,13.379999999999947,12949999.999999998,901066.3290303199,5.311864287596682,7.783908450106188,0.7777601478066677,0.43550213395345827,5.895086872586872e-6,8.638552123552125e-6,10.185370140118312,20220319,Acropora,initial,red,ACR13,1,Mahana,10,NA
ACR14_1,3.035247146016179,1.60993525403877,TP1,556.7126855838787,990.0890394064338,14.075954261608015,3.2274898849245215,1.0503017930601908,55.3752865001819,31.808003328141837,1302457.5806797885,ACR14_1 - TP1,13.936448033604378,7.836262299135641,14.784000000000132,18333333.333333332,1315495.403787746,3.065630488986964,1.6260509812369388,0.9900890394064338,0.5567126855838788,2.3304e-6,1.2360750000000005e-6,4.645182400054949,20220319,Acropora,initial,red,ACR14,2,Mahana,8,NA
ACR15_1,4.835179444294365,5.006965384672195,TP1,629.618390873447,1155.212574891874,11.794329591488925,2.439307785731316,1.340983383355105,73.31404411692729,62.609578125820285,1310799.3871187316,ACR15_1 - TP1,13.624957856507347,7.425926818824336,15.816000000000052,15460000.000000004,1134682.4087691568,4.185532212326315,4.334237259441915,1.155212574891874,0.629618390873447,3.6887257438551092e-6,3.819780077619662e-6,9.84214482896656,20220319,Acropora,initial,red,ACR15,3,Mahana,20,NA
ACR16_1,2.8335374988817374,2.1199658228130276,TP1,424.7876167955564,790.9441727728256,16.77534119527007,1.639161891249823,0.9910975762858315,86.14131797256334,71.15539327072287,799735.3482810846,ACR16_1 - TP1,13.26835836467479,7.125957207271093,16.62600000000003,13415833.333333334,1011114.7863665769,3.5824747136680455,2.6802976692792737,0.7909441727728256,0.4247876167955564,3.543093980992608e-6,2.6508342133051737e-6,4.953503321694765,20220319,Acropora,initial,red,ACR16,4,Mahana,18,NA
ACR17_1,4.0946883137811225,2.1284908865993812,TP1,728.2648080995323,1228.875270463488,18.639203601846205,2.281481596981325,1.338844756088628,84.0617997136318,70.44694762977646,1936778.0282428113,ACR17_1 - TP1,22.905256367442778,13.574276034226637,24.95500000000006,36100000,1576057.4525291955,3.3320617740454255,1.7320642198264677,1.228875270463488,0.7282648080995323,2.1141753231763615e-6,1.0989854570637122e-6,6.223179200380503,20220319,Acropora,initial,red,ACR17,5,Mahana,4,NA
ACR18_1,3.1220437046782856,1.8132127666233944,TP1,688.1101446478737,1086.2523078383442,15.457783287173102,3.854854146483312,1.405117383035332,100.79161876288197,47.54174556256156,1001113.7892482415,ACR18_1 - TP1,16.79105276975677,10.636657493672168,21.719999999999963,15475000.000000002,921621.783469874,2.874142298386635,1.6692372053337317,1.0862523078383441,0.6881101446478737,3.11857027463651e-6,1.8111954765751214e-6,4.93525647130168,20220319,Acropora,initial,red,ACR18,6,Mahana,22,NA
ACR19_1,4.308291073842516,3.791270558542686,TP1,447.18840401677426,861.3735931729941,19.346185893995777,1.8821539397748075,0.7660424685880614,59.817346237697265,39.37882144699329,830267.0142844594,ACR19_1 - TP1,16.664293657703833,8.651389993747802,14.820000000000055,16062499.999999998,963887.2387834075,5.001652137921136,4.401424177141296,0.8613735931729941,0.44718840401677423,5.189042801556421e-6,4.566326848249028e-6,8.099561632385202,20220319,Acropora,initial,red,ACR19,7,Mahana,16,NA
ACR2_1,1.9386511880255943,1.9587867740148024,TP1,434.21440559094157,597.3365895195006,16.936018988940404,1.204828597164713,0.6265935345803353,52.1081725626486,36.95508374244905,612402.8718578784,ACR2_1 - TP1,10.116503822891161,7.353863418359657,10.611999999999844,10371666.666666666,1025222.4333863378,3.245492109540873,3.279201054116669,0.5973365895195006,0.43421440559094154,3.165646794150732e-6,3.1985264341957264e-6,3.8974379620403967,20220319,Acropora,initial,blue,ACR2,2,Mahana,14,NA
ACR20_1,4.2477575658710895,4.144072748234848,TP1,530.4672449027396,901.1343245438519,19.08910142412321,2.076446613139654,0.7386413685340567,53.557392633894416,37.45907070808304,1292622.3949346195,ACR20_1 - TP1,17.20184451797635,10.126143040123603,14.09999999999978,24675000,1434439.1948325087,4.713789554094808,4.598729218679523,0.9011343245438519,0.5304672449027396,3.2861550151975666e-6,3.2059422492401223e-6,8.391830314105938,20220319,Acropora,initial,red,ACR20,8,Mahana,2,NA
ACR21_1,3.474488885357885,4.474084724792165,TP1,616.7119696737552,1054.5055008198826,13.176158617054007,2.161100274183449,1.111097735348398,54.08290995204548,28.985686276247307,1249731.9700867692,ACR21_1 - TP1,13.894331741358748,8.1258947334572,14.639999999999986,16466666.666666664,1185135.5627022306,3.294898777347728,4.242827298021248,1.0545055008198827,0.6167119696737552,2.7801872469635633e-6,3.5800354251012146e-6,7.94857361015005,20220319,Acropora,initial,red,ACR21,9,Mahana,15,NA
ACR22_1,2.1674769527099005,1.0269904112747263,TP1,460.41610209098496,894.1397967311275,16.614663401599685,1.8489691459558737,0.9995989445323888,54.98095133916753,32.37188662806225,1123104.3054536625,ACR22_1 - TP1,14.855831756662447,7.649658560918272,16.607999999999954,18660000,1256072.3832666916,2.4240918038028814,1.1485792434575504,0.8941397967311275,0.460416102090985,1.929898177920686e-6,9.14421221864952e-7,3.194467363984627,20220319,Acropora,initial,red,ACR22,10,Mahana,12,NA
ACR23_1,4.43381294533989,2.200677313584697,TP1,503.5911300120131,936.4959034778606,18.70347471931435,2.5613556154102812,1.352689827942707,49.27500177538057,28.32495073511244,1499275.7809707483,ACR23_1 - TP1,17.515727455439617,9.418903969050632,25.3000000000001,28041666.666666668,1600942.166861483,4.734471265569939,2.3499059690619597,0.9364959034778606,0.503591130012013,2.957303120356612e-6,1.4678268945022288e-6,6.634490258924586,20220319,Acropora,initial,red,ACR23,11,Mahana,23,NA
ACR24_1,2.557448731231361,1.3864046847389995,TP1,566.881081835023,904.3196265352815,9.416298245167614,1.9848564173922263,0.6626807942497193,97.52133758839477,51.8851450197777,827289.0043598376,ACR24_1 - TP1,8.515343312414803,5.337921336101846,6.239999999999912,7790000.000000001,914819.2520485581,2.8280363006492633,1.5330914469375498,0.9043196265352815,0.566881081835023,3.091360718870347e-6,1.67584082156611e-6,3.9438534159703607,20220319,Acropora,initial,red,ACR24,12,Mahana,6,NA
ACR3_1,2.698591519277524,1.4845619130478254,TP1,410.2080137999839,736.8431833944155,15.907681109450106,1.5971058148071016,0.7134917982016568,53.96488929426842,35.16477330361427,1208797.5949708598,ACR3_1 - TP1,11.721466389110425,6.525458272071052,11.350000000000083,19229166.666666668,1640508.6213898212,3.6623688460357635,2.0147596483269257,0.7368431833944156,0.4102080137999839,2.2324593716143012e-6,1.228131094257855e-6,4.18315343232535,20220319,Acropora,initial,blue,ACR3,3,Mahana,7,NA
ACR4_1,3.4585059271894374,2.298277522580867,TP1,724.1326688408299,1130.8227093181442,26.319602139289344,2.353758984354946,1.2788947120805014,104.85226886771298,77.00040408189547,987856.8780182188,ACR4_1 - TP1,29.7628037993268,19.05888373995241,33.6599999999998,26000000.000000004,873573.6113876507,3.058398012960691,2.0323942061321594,1.1308227093181442,0.7241326688408298,3.50101923076923e-6,2.326528846153846e-6,5.756783449770305,20220319,Acropora,initial,blue,ACR4,4,Mahana,24,NA
ACR5_1,2.474436712520506,1.9896837267829235,TP1,675.0702412965952,708.2235159672184,20.245981538549792,0.3348812695047857,1.0787325849534497,40.81698871583547,35.85985686184736,746814.8665062468,ACR5_1 - TP1,14.338680229439127,13.667459642515219,21.839999999999637,15120000.000000002,1054490.354625297,3.49386409337337,2.8094008203972436,0.7082235159672184,0.6750702412965952,3.3133201058201054e-6,2.6642261904761915e-6,4.4641204393034295,20220319,Acropora,initial,blue,ACR5,5,Mahana,13,NA
ACR6_1,2.4803208392013025,0.8307083306882741,TP1,483.46407171610207,928.6274060623784,19.603270363868358,1.7124693674517917,1.0504369739221653,48.10217797832401,27.191279317478855,988610.5552938821,ACR6_1 - TP1,18.20413410833857,9.477476909067391,20.591999999999942,19380000,1064593.3437242045,2.670953735598336,0.8945550446445396,0.9286274060623785,0.48346407171610206,2.508895768833849e-6,8.402786377708977e-7,3.3110291698895766,20220319,Acropora,initial,blue,ACR6,6,Mahana,9,NA
ACR7_1,4.010585668602693,2.9370222060232227,TP1,1004.1197304069785,926.0028262850867,21.177912741837872,1.888760261108184,0.9236037676819127,108.98146706594214,57.99816133784896,1386664.8250302575,ACR7_1 - TP1,19.61080705376082,21.26516003291676,19.560000000000244,29366666.66666667,1497473.6422708796,4.331072816151386,3.171720563538547,0.9260028262850867,1.0041197304069784,2.892253121452894e-6,2.1180476730987504e-6,6.947607874625916,20220319,Acropora,initial,blue,ACR7,7,Mahana,3,NA
ACR8_1,2.060100539133459,1.2565278894677891,TP1,556.9453710371799,774.8815004766213,23.170317383350316,1.597625936129813,0.9324861477955246,44.865807524371746,27.696211035120875,1139892.3126381303,ACR8_1 - TP1,17.954250300530035,12.904601012119262,21.606000000000016,26411666.666666664,1471053.7184550087,2.6586007510391116,1.6215742519274396,0.7748815004766213,0.5569453710371799,1.8072764561115673e-6,1.102321575061526e-6,3.3166284286012484,20220319,Acropora,initial,blue,ACR8,8,Mahana,19,NA
ACR9_1,3.3525292703952525,3.2673514740445246,TP1,505.34246340625856,803.5101541298839,15.650596639577554,3.299394980854469,0.8407347210473753,109.6835181132325,57.66374412319912,1017426.6004061518,ACR9_1 - TP1,12.575413318091604,7.9089110596218335,13.158000000000225,15923333.333333334,1266227.4336880243,4.172354578425565,4.066347459644389,0.8035101541298839,0.5053424634062585,3.295106761565836e-6,3.211387900355872e-6,6.619880744439778,20220319,Acropora,initial,blue,ACR9,9,Mahana,21,NA
ACR1_2,2.541416237467702,2.5425297718606363,TP2,386.6551484175922,752.2826900893527,18.89628807171877,1.9878242677840023,0.6641516022812483,108.67028446043481,84.98812009558472,670325.6543608847,ACR1_2 - TP2,14.215350423295947,7.306347068911999,12.550000000000061,12666666.666666666,891055.5342982389,3.3782729164828234,3.379753123867101,0.7522826900893528,0.38665514841759224,3.7913157894736846e-6,3.7929769736842105e-6,5.083946009328338,20220319,Acropora,ambient,blue,ACR1,1,Mahana,17,NA
ACR10_2,4.923085305538974,4.138961523572282,TP2,557.9730699650745,1059.9963169310065,26.030382110682716,1.7887751244685117,1.056457791632435,88.87652859504345,77.43489862842947,1837596.2799909425,ACR10_2 - TP2,27.592109165630436,14.52425221866159,27.500000000000302,47833333.333333336,1733587.41972926,4.6444362370925205,3.904694249840191,1.0599963169310065,0.5579730699650745,2.6790897212543553e-6,2.2523780487804877e-6,9.062046829111257,20220319,Acropora,ambient,blue,ACR10,10,Mahana,5,NA
ACR11_2,3.1913948203966003,1.9861816489199176,TP2,353.9932688424451,696.0252267636832,19.12123698285729,1.4159648784371761,0.7206646731251775,34.80083430776892,20.861098074231062,1194134.7389713353,ACR11_2 - TP2,13.308863306995372,6.768789183872705,13.779999999999903,22833333.333333336,1715648.6475694536,4.585171194491997,2.853605835746917,0.6960252267636833,0.3539932688424451,2.6725583941605836e-6,1.6632810218978101e-6,5.177576469316518,20220319,Acropora,ambient,blue,ACR11,11,Mahana,1,NA
ACR12_2,3.412561083737762,2.8747205067759776,TP2,562.1871876966693,956.97166249563,26.31960213928936,0.8235306858094226,0.9255459057124428,108.08769011569913,98.7408542973579,1077143.9419929418,ACR12_2 - TP2,25.187113415459276,14.796543107982325,24.359999999999715,28350000.000000004,1125575.588292679,3.566000141360868,3.003976626934975,0.9569716624956299,0.5621871876966693,3.1681569664902995e-6,2.6688359788359788e-6,6.287281590513739,20220319,Acropora,ambient,blue,ACR12,12,Mahana,11,NA
ACR13_2,2.30599844283448,2.44934032888267,TP2,544.0309975690882,936.0005173223949,24.29506193904283,1.522943225781199,1.4138675623130752,86.96108720779976,67.50342946705868,830930.172174541,ACR13_2 - TP2,22.740190543323717,13.217266782700257,34.34999999999966,20187500,887745.4197905497,2.463672188377867,2.6168151443863166,0.9360005173223949,0.5440309975690882,2.7752012383900936e-6,2.9477089783281735e-6,4.75533877171715,20220319,Acropora,hot,red,ACR13,1,Mahana,10,NA
ACR14_2,2.393288692800675,1.4572755196533316,TP2,574.6921372904526,922.5729421068495,19.95676150994315,2.226688933365246,0.2530470686581155,117.70233856979591,78.30979987516282,789989.146893649,ACR14_2 - TP2,18.411568181152983,11.468993925545067,5.050000000000221,15765625,856289.0919926362,2.5941457673094126,1.579577563076367,0.9225729421068495,0.5746921372904525,3.029520977865874e-6,1.8446778989098122e-6,3.8505642124540067,20220319,Acropora,hot,red,ACR14,2,Mahana,8,NA
ACR15_2,2.9709150409655543,2.2471625979298193,TP2,561.0479513479104,975.401872045068,11.762194032754849,1.9261925059991272,0.9585796636751436,80.7133641356575,65.13240623871684,1076896.59185974,ACR15_2 - TP2,11.472866078906407,6.599154865433724,11.274999999999924,12666666.666666668,1104054.2598117779,3.0458369274364943,2.303832566179441,0.975401872045068,0.5610479513479104,2.7587746710526315e-6,2.086702302631579e-6,5.218077638895373,20220319,Acropora,hot,red,ACR15,3,Mahana,20,NA
ACR16_2,2.5748220037197576,1.915319221526564,TP2,531.4942812033873,895.5534413060673,24.10224858663841,1.4417741927723988,0.98414054251974,67.55303324282433,48.80333035201081,1128525.41132112,ACR16_2 - TP2,21.584851664978324,12.81020728794074,23.719999999999963,27199999.999999996,1260143.0124318304,2.8751182061951095,2.138698968911648,0.8955534413060673,0.5314942812033874,2.2815808823529415e-6,1.6971875000000004e-6,4.4901412252463215,20220319,Acropora,hot,red,ACR16,4,Mahana,18,NA
ACR17_2,2.5579619424360835,1.3728537972567865,TP2,443.07628013516563,973.2987498418255,12.919074147181433,1.7474162422796373,0.8684832885217154,92.5410742580832,61.68863116045151,1103020.2193791834,ACR17_2 - TP2,12.574118716565538,5.724135315923537,11.220000000000008,14250000.000000002,1133280.2179787443,2.6281364718199707,1.4105163470927031,0.9732987498418255,0.44307628013516565,2.3190526315789476e-6,1.244631578947369e-6,3.93081573969287,20220319,Acropora,hot,red,ACR17,5,Mahana,4,NA
ACR18_2,3.9761585064941376,3.635874204886575,TP2,707.6008614868379,1196.4094111648317,17.80367907476034,2.581278274396146,0.9882788791078497,109.67108212864053,104.47672035590425,1428075.6181481695,ACR18_2 - TP2,21.300489198401653,12.597898650935603,17.595000000000027,25425000,1193634.557553159,3.3234095865418887,3.038988301961504,1.1964094111648316,0.7076008614868379,2.784277286135693e-6,2.545995575221239e-6,7.612032711380713,20220319,Acropora,hot,red,ACR18,6,Mahana,22,NA
ACR19_2,4.161535996045134,3.2518027521375985,TP2,663.5993180558819,1183.3359201825997,29.629564688898753,2.472530419167719,0.8869519439766381,112.55480919196559,77.47700731020498,1919704.2075110576,ACR19_2 - TP2,35.06172819574787,19.66215892184585,26.280000000000303,56880000,1622281.6993629583,3.5167832946395903,2.747996318438314,1.1833359201825997,0.6635993180558819,2.1678006329113926e-6,1.693908227848101e-6,7.413338748182733,20220319,Acropora,hot,red,ACR19,7,Mahana,16,NA
ACR2_2,3.843790979735736,4.797268110281382,TP2,444.53813567749626,857.9424054590486,18.060763544632913,1.2993636698695386,0.7464800680592596,93.41160997046266,69.61101045883568,957081.6293166487,ACR2_2 - TP2,15.495094919909453,8.0286981550432035,13.481999999999772,17285625,1115554.6377318357,4.4802436099181815,5.5915969181108,0.8579424054590485,0.4445381356774963,4.016157934700076e-6,5.01239179954442e-6,8.641059090017118,20220319,Acropora,ambient,blue,ACR2,2,Mahana,14,NA
ACR20_2,1.771225110897489,1.5375007524295274,TP2,504.3633193701097,854.395937695588,24.00584191043623,1.752698370545716,0.6498418200953893,118.97291545348264,92.55663718397051,919567.8319619015,ACR20_2 - TP2,20.51049380923921,12.107666110221713,15.600000000000056,22074999.999999996,1076278.3288063027,2.073072954530546,1.7995178635520646,0.8543959376955881,0.5043633193701097,1.9261494903737264e-6,1.6719818799546998e-6,3.3087258633270165,20220319,Acropora,hot,red,ACR20,8,Mahana,2,NA
ACR21_2,2.8487599747271295,2.7277751064738562,TP2,422.70962829765404,809.2393487751904,11.312296210477845,1.5160494103854059,0.5643416580700108,94.71993838063922,60.26592544213464,1437668.624542351,ACR21_2 - TP2,9.154355218519145,4.78181652632405,6.384000000000166,16263333.333333334,1776567.8679840625,3.520293444750084,3.3707890139084697,0.8092393487751903,0.422709628297654,1.9815136298421805e-6,1.8973601147776184e-6,5.576535081200985,20220319,Acropora,hot,red,ACR21,9,Mahana,15,NA
ACR22_2,3.7398951951048796,2.901652606681519,TP2,508.94746487953694,910.8915264122473,22.20625062132818,1.8227975847990738,0.8738080250865502,69.80793500146862,59.761551944541,1388572.9980181467,ACR22_2 - TP2,20.22748552435454,11.301814958204618,19.403999999999755,30835000.000000004,1524410.9290239597,4.105752536567449,3.185508397591901,0.9108915264122474,0.5089474648795369,2.6933371169125993e-6,2.089665153234961e-6,6.641547801786398,20220319,Acropora,hot,red,ACR22,10,Mahana,12,NA
ACR23_2,1.5807404740430648,2.8651160088304257,TP2,441.0655834794512,792.6316936908065,20.920828271965313,1.558733697159526,0.7055170000023028,43.543209100412156,34.859996483852846,927578.680606956,ACR23_2 - TP2,16.582511546622378,9.22745732864778,14.760000000000327,19405714.285714287,1170251.8180767952,1.9942938020589511,3.614687668479811,0.7926316936908065,0.44106558347945124,1.704157832744405e-6,3.0888118374558295e-6,4.4458564828734906,20220319,Acropora,hot,red,ACR23,11,Mahana,23,NA
ACR24_2,2.7120757112828873,1.9361981308870837,TP2,545.7980112399912,919.1445223726807,17.996492427164775,1.9720509506858084,0.8728367521378578,104.39839916605312,87.59962567040986,1330259.2211726664,ACR24_2 - TP2,16.541377436349933,9.822449776042097,15.708000000000055,23940000.000000004,1447279.7136828208,2.9506520958009212,2.1065219709833873,0.9191445223726807,0.5457980112399912,2.0387573099415202e-6,1.4555043859649118e-6,4.648273842169971,20220319,Acropora,hot,red,ACR24,12,Mahana,6,NA
ACR3_2,3.617242872894459,3.1248897330282395,TP2,698.689388259846,1161.4860918551854,20.310252656017944,1.9394145738668962,1.0497161389906515,105.74413013831405,87.88615435914362,1495632.1411228743,ACR3_2 - TP2,23.59007598202968,14.190558003636092,21.31999999999978,30376666.666666664,1287688.3775112396,3.1143230196728506,2.690423720904832,1.1614860918551853,0.6986893882598461,2.418537803138374e-6,2.0893437945791726e-6,6.7421326059226985,20220319,Acropora,ambient,blue,ACR3,3,Mahana,7,NA
ACR4_2,2.589897449914598,1.5808032267672887,TP2,466.66667160633955,942.8892446225364,23.073910707148094,2.1087127629789792,0.7586490310278096,114.24027913843837,55.04853581696959,1319672.2647698754,ACR4_2 - TP2,21.756142237150723,10.767825110646681,17.505000000000102,30450000.000000004,1399604.7492281825,2.746767411639532,1.6765524008072934,0.9428892446225363,0.46666667160633957,1.962530788177339e-6,1.1978756157635468e-6,4.170700676681887,20220319,Acropora,ambient,blue,ACR4,4,Mahana,24,NA
ACR5_2,3.2331081028153843,3.230123461083724,TP2,651.6534876265139,1076.6829111689735,27.829973399790724,1.9504600029696046,1.191700743783294,74.2976815067868,65.45748261526181,1395976.9002255728,ACR5_2 - TP2,29.964056777841773,18.135499226526736,33.16499999999989,38850000,1296553.4102421447,3.002841476609991,3.000069405370911,1.0766829111689735,0.6516534876265139,2.31601833976834e-6,2.3138803088803083e-6,6.463231563899108,20220319,Acropora,ambient,blue,ACR5,5,Mahana,13,NA
ACR6_2,2.027983327739391,2.0509503456987033,TP2,457.18067078590934,806.9812437462585,11.472974004148206,2.120200045010553,0.46544165427981127,59.32977794196062,36.68011448887127,1008581.4338326546,ACR6_2 - TP2,9.258474831336011,5.245221951125777,5.340000000000011,11571428.57142857,1249820.168248899,2.513048901018889,2.5415093121341363,0.8069812437462586,0.45718067078590935,2.010728395061729e-6,2.0335e-6,4.078933673438094,20220319,Acropora,ambient,blue,ACR6,6,Mahana,9,NA
ACR7_2,2.355128473026341,1.7235565701682238,TP2,414.82411127442646,765.9558596430911,16.453985607929333,2.6323409435296563,0.5870917983145055,65.68590891918335,48.30015164332052,1104595.5936196574,ACR7_2 - TP2,12.603026690876561,6.825509956731489,9.660000000000224,18175000,1442113.9021436048,3.074757433311822,2.25020351821754,0.7659558596430911,0.4148241112744265,2.132118294360385e-6,1.5603507565337002e-6,4.0786850431945645,20220319,Acropora,ambient,blue,ACR7,7,Mahana,3,NA
ACR8_2,4.499271029106567,7.334233334508308,TP2,340.60424557534486,744.7329582520267,17.450187928685544,1.3044272126480547,0.8097333998777362,70.73061362113206,46.51583142354977,916895.5695713944,ACR8_2 - TP2,12.995730078183792,5.943608094597929,14.129999999999976,16000000.000000002,1231173.6165449866,6.0414555032811625,9.84813852165559,0.7447329582520267,0.34060424557534486,4.907070312499999e-6,7.998984375e-6,11.833504363614875,20220319,Acropora,ambient,blue,ACR8,8,Mahana,19,NA
ACR9_2,2.9686497855262886,2.0708895646138172,TP2,538.3061331704839,906.6722989057649,15.939816668184182,2.03515515110976,0.6765447949928264,104.71575895421793,71.23607652692982,1321637.9526318929,ACR9_2 - TP2,14.452190222678983,8.580501074096654,10.783999999999905,21066666.666666664,1457679.8631952663,3.274225747394137,2.2840551841201173,0.906672298905765,0.5383061331704839,2.2461898734177217e-6,1.5669113924050637e-6,5.039539350140106,20220319,Acropora,ambient,blue,ACR9,9,Mahana,21,NA
ACR24_3,1.478389531,1.181326348,TP3,196.91882804536291,298.41333086379063,20.663743802092725,0.8955903720663548,0.387635468031146,16.737770430785755,8.119777403696203,371423.4977701723,ACR24_3 - TP3,6.1663366160985,4.069080212537731,8.009999999999906,7674999.999999999,1244661.2109956536,4.954167183887653,3.9586916059698782,0.2984133308637906,0.19691882804536293,3.980333877300329e-6,3.1805374595092946e-6,2.659715879,20220319,Acropora,hot,red,ACR24,12,Mahana,6,NA
ACR10_3,2.479781946,1.584827091,TP3,387.32467239585526,557.8753584102101,23.941570792968065,1.4958291713473788,0.7154919010172532,43.94605137224438,28.463462397385936,974246.8529613287,ACR10_3 - TP3,13.356412387030478,9.273161064028532,17.129999999999868,23325000,1746352.188305398,4.445046565717995,2.8408264805176504,0.5578753584102101,0.3873246723958553,2.545332262005707e-6,1.6267202569684947e-6,4.064609037,20220319,Acropora,ambient,blue,ACR10,10,Mahana,5,NA
ACR13_3,2.211035984,2.073732167,TP3,1404.5830737190176,1917.5297102968798,5.5278956383449085,1.1080165764188672,1.7475004290949812,218.8000333454439,143.7111067165253,3422979.7807227317,ACR13_3 - TP3,10.599904121946897,7.764388646904443,9.660000000000002,18921875,1785098.693564843,1.1530647854513183,1.0814602537130633,1.9175297102968798,1.4045830737190177,6.459389554247263e-7,6.058265896511227e-7,4.284768151,20220319,Acropora,hot,red,ACR13,1,Mahana,10,NA
ACR18_3,2.897951381,2.204710572,TP3,481.7135292474746,758.4690214964055,22.65614844360517,1.8869050097553763,0.8553969377557672,25.293796137787478,14.65341740792249,441013.4710909733,ACR18_3 - TP3,17.183986740898522,10.913773225923723,19.379999999999953,9991666.666666668,581452.18669694,3.8207906966095306,2.9067905339762765,0.7584690214964055,0.48171352924747457,6.571117598360627e-6,4.999190991935045e-6,5.102661953,20220319,Acropora,hot,red,ACR18,6,Mahana,22,NA
ACR8_3,2.685551589,2.630952335,TP3,553.7090467956765,775.3282356072148,20.66374380209274,1.8038841536655565,0.7337489346177712,72.63180449653079,51.43075766804508,1029823.066130197,ACR8_3 - TP3,16.02118402311608,11.44170188388684,15.162000000000122,21280000,1328241.406458865,3.4637608507792237,3.393340025775682,0.7753282356072148,0.5537090467956765,2.6077796053758957e-6,2.5547615134378603e-6,5.316503924,20220319,Acropora,ambient,blue,ACR8,8,Mahana,19,NA
ACR20_3,3.081836633,2.940864055,TP3,462.68680113049584,728.8899439973868,38.11335219469371,1.1662579500469288,0.9302514199980663,31.60227795884328,22.01079022686427,492062.90149617684,ACR20_3 - TP3,27.780439146742978,17.634545007322796,35.45500000000024,18754166.666666668,675085.320559644,4.228123406530423,4.034716186193595,0.7288899439973868,0.4626868011304958,6.263094867809181e-6,5.976601865448394e-6,6.0227006880000005,20220319,Acropora,hot,red,ACR20,8,Mahana,2,NA
ACR9_3,3.175633301,2.965270907,TP3,409.73032154839495,629.7149625124007,25.03417978992647,1.9443417123490665,0.8927793995069706,41.00793429681665,25.11845825494277,934722.0558596432,ACR9_3 - TP3,15.764397587942245,10.257262535026904,22.350000000000094,23400000,1484357.3862852848,5.0429694227528605,4.708909718723105,0.6297149625124007,0.40973032154839495,3.397409188209901e-6,3.1723557697297573e-6,6.140904208,20220319,Acropora,ambient,blue,ACR9,9,Mahana,21,NA
ACR21_3,3.510852656,3.133222689,TP3,428.58214751131834,675.0206950005393,24.13438414537248,1.7304149858743114,1.042827521448297,35.32646596095032,23.44787406180843,491069.7780924774,ACR21_3 - TP3,16.291208759219327,10.34356618588685,25.167999999999857,11851666.666666668,727488.4781007863,5.201103732082163,4.641669080971654,0.6750206950005393,0.42858214751131835,7.149396710254978e-6,6.3804021928833845e-6,6.644075345,20220319,Acropora,hot,red,ACR21,9,Mahana,15,NA
ACR1_3,3.577717494,3.143314324,TP3,335.01677601553683,439.18563241817594,13.947412026671724,1.6045987569021873,0.3699611074895151,57.81574377081241,30.798115032277043,731318.4682932199,ACR1_3 - TP3,6.125502971530695,4.672617010935886,5.160000000000053,10200000,1665169.382401121,8.146253497185063,7.157142884417162,0.43918563241817593,0.3350167760155368,4.892147059200924e-6,4.2981470594281465e-6,6.721031818,20220319,Acropora,ambient,blue,ACR1,1,Mahana,17,NA
ACR7_3,2.919121228,3.459943708,TP3,483.2109476217439,672.8789853938538,15.16856325856646,2.1285799748875776,0.7831987642791844,66.03839024993252,40.941253921941374,1025970.6034591683,ACR7_3 - TP3,10.206607455306688,7.329615826232267,11.87999999999989,15562500,1524747.5782865186,4.338255899448786,5.141999948140457,0.6728789853938538,0.48321094762174394,2.845228916070182e-6,3.372361446160771e-6,6.379064936,20220319,Acropora,ambient,blue,ACR7,7,Mahana,3,NA
ACR6_3,3.349412441,3.611829737,TP3,474.0913516321102,671.7977812972797,19.249779217793595,1.8352158536626215,0.7968922566041865,39.61876608408266,25.04662492722672,976980.9021644603,ACR6_3 - TP3,12.931958968976222,9.12615384798347,15.33999999999991,18806666.666666664,1454278.2506334786,4.985745017692815,5.3763644917453455,0.6717977812972797,0.4740913516321102,3.428329493012112e-6,3.696929724008056e-6,6.961242178,20220319,Acropora,ambient,blue,ACR6,6,Mahana,9,NA
ACR3_3,3.431623517,3.738259254,TP3,498.31841479173715,611.7341558850744,19.699677040070576,1.6180468306746252,0.9137205632044985,49.27441186094299,36.02089509166176,803312.6618172877,ACR3_3 - TP3,12.050965305316154,9.816711834517148,18.000000000000014,15825000.000000002,1313172.812224343,5.609664727703539,6.110921252372087,0.6117341558850744,0.49831841479173716,4.271840442844305e-6,4.65355450210775e-6,7.169882770999999,20220319,Acropora,ambient,blue,ACR3,3,Mahana,7,NA
ACR4_3,2.979888656,3.787679509,TP3,302.84789971566767,506.2173362744713,15.618461080843456,1.7343257994363874,0.8169818994299415,42.9275647920488,26.824025608634106,807591.3028847632,ACR4_3 - TP3,7.906335765051074,4.730018135124337,12.760000000000105,12613333.333333334,1595345.0129311392,5.886579621967555,7.482318833399886,0.5062173362744713,0.30284789971566767,3.689847383640294e-6,4.690094476587586e-6,6.767568165,20220319,Acropora,ambient,blue,ACR4,4,Mahana,24,NA
ACR16_3,3.388568313,4.038840317,TP3,466.38805233965036,691.3049698355851,20.535201567156435,2.3627720351964676,0.8508316776371161,53.25538180979419,33.11883731824384,923292.6172160989,ACR16_3 - TP3,14.196086899950739,9.577372663308227,17.472000000000044,18960000,1335579.313766091,4.901698180769498,5.842342371646146,0.6913049698355851,0.46638805233965036,3.670091420439569e-6,4.374388186031276e-6,7.42740863,20220319,Acropora,hot,red,ACR16,4,Mahana,18,NA
ACR5_3,3.237816541,4.384353203,TP3,458.3903866395592,703.2519243772729,21.0493705069016,3.121233481944668,1.0332850568081653,45.31548816090489,31.82232930815556,786246.7903528819,ACR5_3 - TP3,14.803010315908761,9.648829085177958,21.74999999999994,16549999.999999996,1118015.8391306226,4.60406353507966,6.234399154872316,0.7032519243772729,0.4583903866395592,4.118066465551878e-6,5.5763066467110436e-6,7.622169744,20220319,Acropora,ambient,blue,ACR5,5,Mahana,13,NA
ACR23_3,4.098783009,3.558001217,TP3,540.418822040737,775.292955208734,16.518256725397467,1.8388744348123183,0.9625713090869421,59.53670029161846,35.434731989608046,738955.0969523565,ACR23_3 - TP3,12.806488071529948,8.926776841705781,15.900000000000025,12206250,953130.1580747704,5.2867538411934545,4.589234550753877,0.7752929552087341,0.540418822040737,5.5467281109562e-6,4.814908553542868e-6,7.656784226,20220319,Acropora,hot,red,ACR23,11,Mahana,23,NA
ACR19_3,4.231524863,2.263451611,TP3,538.2698227490752,669.281562254656,23.138181824616247,3.522316516386517,0.5942558539916055,85.87991118152416,52.47171144226827,806747.3411764608,ACR19_3 - TP3,15.485958479311448,12.45458502947206,13.750000000000373,18666666.666666668,1205393.046326742,6.322488324263653,3.381912394799807,0.6692815622546561,0.5382698227490752,5.2451674111863394e-6,2.805651156778851e-6,6.4949764739999996,20220319,Acropora,hot,red,ACR19,7,Mahana,16,NA
ACR14_3,4.012061821,4.674006361,TP3,544.1401974864293,738.1177193882031,22.977504030945894,1.8931560164852843,1.2133606836691824,66.1603626726649,38.087687802005924,998077.6546681019,ACR14_3 - TP3,16.960102872555026,12.502983581144125,27.879999999999903,22933333.333333336,1352193.056001107,5.435531102444527,6.332331873666576,0.7381177193882031,0.5441401974864293,4.019789244088587e-6,4.683008720953964e-6,8.686068182,20220319,Acropora,hot,red,ACR14,2,Mahana,8,NA
ACR12_3,4.324666731,5.264158824,TP3,560.8023039989782,722.569776332637,27.73356672358849,2.144513202819099,0.9637418896166229,71.14591569362679,44.57847100309896,892179.9918467811,ACR12_3 - TP3,20.0394371043696,15.553048116697818,26.727999999999863,24743333.333333336,1234731.954019709,5.985119877210485,7.285329384683021,0.7225697763326371,0.5608023039989782,4.84730297756184e-6,5.900332749116438e-6,9.588825555,20220319,Acropora,ambient,blue,ACR12,12,Mahana,11,NA
ACR17_3,4.232327162,2.428760361,TP3,708.5159976741256,913.560248147073,30.368682539782398,2.2699371271604107,1.3390110007811673,90.14714406572399,62.86700114497887,893793.574936156,ACR17_3 - TP3,27.74362115694329,21.516697407722724,40.66399999999959,27143333.333333332,978363.0327052773,4.632783848229177,2.658566160169654,0.913560248147073,0.7085159976741257,4.735240083038543e-6,2.7173616247727974e-6,6.661087523,20220319,Acropora,hot,red,ACR17,5,Mahana,4,NA
ACR11_3,5.007035444,5.880906518,TP3,614.01834956435,902.1349676382324,23.684486323095463,2.108975441502077,0.9005895128576251,65.44816842780519,43.37058384915598,1136820.095344209,ACR11_3 - TP3,21.366603302613882,14.542709202386497,21.32999999999963,26925000,1260144.1426446163,5.550206591712433,6.51887658605682,0.9021349676382324,0.6140183495643501,4.404422005298875e-6,5.1731197768978255e-6,10.887941962,20220319,Acropora,ambient,blue,ACR11,11,Mahana,1,NA
ACR22_3,2.091098039,2.527200363,TP3,398.5176782851037,374.71195783022654,12.85480302971329,1.6205032431729678,0.7549707278724725,31.79648097720533,13.537352505344552,608721.8903247968,ACR22_3 - TP3,4.816848410785795,5.122866258213658,9.704999999999908,7824999.999999999,1624506.1776240265,5.580547925688106,6.7443814113480105,0.37471195783022654,0.3985176782851037,3.4352272724811147e-6,4.15165020868817e-6,4.618298402,20220319,Acropora,hot,red,ACR22,10,Mahana,12,NA
ACR2_3,9.105922408,7.647550345,TP3,1308.259411361205,1911.4369461780443,7.520300279857381,4.608359867334589,2.3004400564079845,109.80977743825689,58.23371191346966,3130415.7800349332,ACR2_3 - TP3,14.374579801272482,9.83850361738572,17.300000000000093,23541666.666666668,1637729.0322310978,4.763914617328848,4.00094303936702,1.9114369461780443,1.308259411361205,2.9088539822970044e-6,2.4429823008733552e-6,16.753472753,20220319,Acropora,ambient,blue,ACR2,2,Mahana,14,NA
ACR15_3,2.825403798,3.019259923,TP3,538.0328146902643,764.8068686221043,19.410457011463933,1.553608448383746,1.1398495144618532,40.14221558718645,22.34620234566474,1097990.6339872733,ACR15_3 - TP3,14.845250845461699,10.443462820302317,22.12499999999984,21312500,1435644.3162774434,3.694270951162246,3.9477416415461546,0.7648068686221042,0.5380328146902643,2.5732494527205125e-6,2.7498048066546584e-6,5.844663721,20220319,Acropora,hot,red,ACR15,3,Mahana,20,NA
ACR1_4,1.674116498383753,0.6936530766358131,TP4,368.0260784231666,606.1981567767841,14.97574991,1.6363120476282045,1.189255970955239,41.012637343113866,36.66233766586718,788496.9637112038,ACR1_4 - TP4,9.07827199179209,5.51146651082339,17.80999999999988,11808333.333333332,1300724.7793423203,2.7616654383860175,1.1442678749206951,0.6061981567767841,0.3680260784231666,2.123174311926606e-6,8.797155963302754e-7,2.367769575019566,20220319,Acropora,ambient,blue,ACR1,1,Mahana,17,NA
ACR10_4,2.590105104889908,0.8836406860780848,TP4,572.5351928643306,884.8046024000319,19.79608372,2.6709828442774444,1.0433881919347678,81.44470758987072,53.773009604144065,1740874.6339652278,ACR10_4 - TP4,17.515665984952342,11.333954610588634,20.65500000000009,34462500,1967524.3881452542,2.9273187524841644,0.9986845498782557,0.8848046024000319,0.5725351928643306,1.4878182807399347e-6,5.075843307943418e-7,3.473745790967993,20220319,Acropora,ambient,blue,ACR10,10,Mahana,5,NA
ACR11_4,1.9923864797165138,0.7824564863425622,TP4,291.0517188761238,449.2581925211116,17.22523902,1.4060762798053772,0.6910789444592581,25.241449450725824,12.31425582853828,616150.1341729035,ACR11_4 - TP4,7.738579747869324,5.013435424823078,11.904000000000025,10613333.333333332,1371483.3572989304,4.434836165225606,1.7416632559367133,0.4492581925211116,0.2910517188761238,3.233605527638191e-6,1.2699120603015075e-6,2.774842966059076,20220319,Acropora,ambient,blue,ACR11,11,Mahana,1,NA
ACR12_4,2.4072045836294356,1.0109676151646758,TP4,467.86792752407734,758.9456027953534,21.40286165,2.007208227690426,0.8417565975342487,47.096973128357355,33.961813699804964,976816.4186898188,ACR12_4 - TP4,16.2436077365048,10.013712523270055,18.016000000000254,20906666.666666664,1287070.397525201,3.171774860758405,1.3320686112958207,0.7589456027953534,0.46786792752407735,2.4643367346938774e-6,1.0349617346938775e-6,3.418172198794111,20220319,Acropora,ambient,blue,ACR12,12,Mahana,11,NA
ACR13_4,1.4155990819722084,0.6084146159680414,TP4,407.76111135888806,654.7429258415682,15.61846108,2.110883385445552,0.6594759846851682,48.49629525727895,30.508447507044654,605586.7658718994,ACR13_4 - TP4,10.22607690466186,6.368601047696339,10.299999999999976,9458333.333333334,924922.9613187705,2.1620685403399817,0.929241984838585,0.6547429258415682,0.40776111135888804,2.337566079295154e-6,1.004669603524229e-6,2.0240136979402497,20220319,Acropora,hot,red,ACR13,1,Mahana,10,NA
ACR14_4,1.4259956128972338,0.42687499763009423,TP4,401.795301820609,633.0267525705674,27.18726223,1.6188647325964969,0.5535680596552744,46.60629265575005,29.46802782944284,574487.7828399127,ACR14_4 - TP4,17.21026432074134,10.923714233378893,15.050000000000232,15618750.000000002,907525.2831054262,2.252662477701951,0.6743395850122589,0.6330267525705674,0.40179530182060896,2.482203548085901e-6,7.430532212885154e-7,1.852870610527328,20220319,Acropora,hot,red,ACR14,2,Mahana,8,NA
ACR15_4,1.1139876581524728,0.9244297497256047,TP4,640.4968870195925,1015.6913248389114,30.07946251,2.35110584095341,0.7744819240787759,60.39452996861412,47.368931526828675,723915.8609553226,ACR15_4 - TP4,30.551449127224267,19.265802100877536,23.296000000000205,21775000,712732.1492778681,1.0967777620126382,0.910148316834565,1.0156913248389114,0.6404968870195925,1.5388358208955223e-6,1.2769850746268659e-6,2.0384174078780775,20220319,Acropora,hot,red,ACR15,3,Mahana,20,NA
ACR16_4,0.7828484342519381,0.8218124846394889,TP4,358.0143184582232,553.6448269916907,12.72626079,1.6422734332477813,0.5016398850647744,31.082971387073076,16.976392639208203,539566.7101260673,ACR16_4 - TP4,7.045828453330687,4.556183583253459,6.383999999999945,6866666.666666666,974571.934606309,1.4139903347524412,1.4843676750398371,0.5536448269916907,0.35801431845822324,1.4508834951456311e-6,1.5230970873786415e-6,1.604660918891427,20220319,Acropora,hot,red,ACR16,4,Mahana,18,NA
ACR17_4,1.432428972654048,0.6534102109688142,TP4,525.7378675175383,808.4620976488172,23.65235076,2.7420635968955187,0.8827875170577764,63.75534361473338,48.261376282752195,745565.4272564999,ACR17_4 - TP4,19.122029109755196,12.434936450339228,20.88000000000001,17634375,922202.0790149168,1.771794839634241,0.8082137837618766,0.8084620976488173,0.5257378675175384,1.921265284423179e-6,8.763955342902709e-7,2.0858391836228622,20220319,Acropora,hot,red,ACR17,5,Mahana,4,NA
ACR18_4,1.63638314000583,0.5895017879806046,TP4,587.9339635523216,840.719323328799,26.86590664,1.879240506435401,0.46248206570853734,47.386498697369106,30.549685554926057,669839.0482210554,ACR18_4 - TP4,22.586686850995488,15.795378975281835,12.424999999999908,17995833.333333332,796745.1557659587,1.9464083845802753,0.7011873899204466,0.840719323328799,0.5879339635523216,2.442949756888169e-6,8.800648298217178e-7,2.2258849279864346,20220319,Acropora,hot,red,ACR18,6,Mahana,22,NA
ACR19_4,1.3328619780941173,0.47014396805732744,TP4,289.6853901765543,449.62149273622845,24.22523902,1.4621114768262142,0.67846595802133,37.73853373521844,23.867421886845012,353006.4929227959,ACR19_4 - TP4,10.892188130064326,7.017697817628988,16.436000000000007,8551666.666666668,785119.2583666992,2.9644089520338928,1.045643893035911,0.4496214927362284,0.28968539017655426,3.7757435197817184e-6,1.3318281036834926e-6,1.8030059461514447,20220319,Acropora,hot,red,ACR19,7,Mahana,16,NA
ACR2_4,1.965914711868655,0.6235021399080242,TP4,474.1155181003432,765.9513488498612,33.93572956,2.807881287229352,0.788991436080975,53.86008415609263,30.018361567824805,1223268.2349322683,ACR2_4 - TP4,25.993117830686106,16.08945600245253,26.77499999999999,41512500,1597057.3545814704,2.566631307354752,0.8140231632782733,0.7659513488498613,0.4741155181003432,1.60710027100271e-6,5.0970189701897e-7,2.5894168517766794,20220319,Acropora,ambient,blue,ACR2,2,Mahana,14,NA
ACR20_4,1.5519689614834715,0.8184254757476723,TP4,509.2411264898529,787.1937421350083,41.64826366,2.206424516281986,0.7319632878063739,59.18391988973497,41.55587407266237,452599.90077579144,ACR20_4 - TP4,32.78525252394087,21.2090087025648,30.48500000000032,18850000,574953.6315523301,1.971520959089764,1.0396747737449719,0.7871937421350083,0.5092411264898529,3.4290086206896555e-6,1.808275862068965e-6,2.370394437231144,20220319,Acropora,hot,red,ACR20,8,Mahana,2,NA
ACR21_4,1.8605065586328182,0.6415376153862393,TP4,431.76908185795344,653.7914060623087,12.72626079,2.229641563081611,0.7995278556601194,65.50775312219577,42.61345959734965,871721.0956982126,ACR21_4 - TP4,8.320319935809728,5.494805936783173,10.175000000000157,11093750,1333332.14174298,2.8457188965489477,0.981257339019073,0.6537914060623088,0.43176908185795343,2.1342910798122067e-6,7.359436619718308e-7,2.5020441740190575,20220319,Acropora,hot,red,ACR21,9,Mahana,15,NA
ACR22_4,1.8112969890464241,0.809032963865809,TP4,313.2580915783444,571.2075534734938,31.72421724,1.9720738742488781,0.429167405361017,42.59443155925129,22.972670830191298,580129.8902802075,ACR22_4 - TP4,18.121112515522036,9.937867749419212,13.615000000000045,18404166.666666668,1015620.1309882147,3.1709962132538134,1.4163555067612585,0.5712075534734938,0.31325809157834444,3.1222266244057046e-6,1.3945721077654515e-6,2.620329952912233,20220319,Acropora,hot,red,ACR22,10,Mahana,12,NA
ACR23_4,1.8815878715199439,0.7800556886541083,TP4,455.09771672741306,799.4041594062581,22.688284,1.6809336483975577,0.5765090035015421,44.18745375366422,26.86937451946564,676560.6424884314,ACR23_4 - TP4,18.137108599390455,10.325386244863097,13.07999999999998,15349999.999999998,846331.1511800659,2.353737905138568,0.9757963846891659,0.7994041594062582,0.45509771672741306,2.781107491856678e-6,1.1529723127035824e-6,2.6616435601740522,20220319,Acropora,hot,red,ACR23,11,Mahana,23,NA
ACR24_4,2.1995746566303747,0.8191546571199628,TP4,402.26926936133026,673.3881538466792,33.00963959,2.3432549085883494,0.5088210658649011,52.810937097541334,40.57239087232337,611740.4971440749,ACR24_4 - TP4,22.228300262654354,13.27876359975014,16.796000000000035,20193333.333333336,908451.5277697614,3.266429093035673,1.2164672818204527,0.6733881538466792,0.4022692693613303,3.5956008583690987e-6,1.3390557939914161e-6,3.0187293137503373,20220319,Acropora,hot,red,ACR24,12,Mahana,6,NA
ACR3_4,1.794564669413979,0.6891606233933422,TP4,360.6821885351593,602.3300130524606,25.58048429,1.395106503669711,0.6645691225887226,33.69345905374179,18.41012838776087,714248.922194011,ACR3_4 - TP4,15.407893436283963,9.22642505750646,16.999999999999904,18270833.333333332,1185809.9492243014,2.9793711595402095,1.1441578677124944,0.6023300130524606,0.3606821885351593,2.512519954389966e-6,9.648745724059293e-7,2.4837252928073212,20220319,Acropora,ambient,blue,ACR3,3,Mahana,7,NA
ACR4_4,2.726083974822265,1.007806467257048,TP4,499.9090444296903,810.5204068543851,18.18930578,1.820712697920234,0.8719409191217623,48.539373117295526,29.67754825440072,1054190.8653316398,ACR4_4 - TP4,14.74280352120442,9.092998471319245,15.859999999999985,19175000,1300634.575535162,3.363374878372461,1.243406654211615,0.8105204068543851,0.4999090444296903,2.585949152542373e-6,9.56e-7,3.7338904420793133,20220319,Acropora,ambient,blue,ACR4,4,Mahana,24,NA
ACR5_4,1.6395636298187077,0.5889433383273132,TP4,462.20978406956044,752.2378732769512,17.5465946,1.8963793692480966,1.3591241231503743,39.75301281537559,22.222659660695644,755417.2363451082,ACR5_4 - TP4,13.199213005156835,8.110207701222114,23.84800000000009,13255000,1004226.5394778741,2.1795813373186412,0.782921678433601,0.7522378732769511,0.4622097840695604,2.1704080221300137e-6,7.796265560165979e-7,2.228506968146021,20220319,Acropora,ambient,blue,ACR5,5,Mahana,13,NA
ACR6_4,1.6100541611616808,0.5452670013594235,TP4,493.7184506591689,769.5390006767639,20.76015048,1.5551428700434025,0.9134808544990899,35.611254393951775,18.531850256607584,778012.9860921253,ACR6_4 - TP4,15.97574545427844,10.249669330436802,18.96400000000009,16151666.666666668,1011011.7686145979,2.0922320502869036,0.7085631798776846,0.7695390006767638,0.4937184506591689,2.0694438138478995e-6,7.008456299659475e-7,2.1553211625211044,20220319,Acropora,ambient,blue,ACR6,6,Mahana,9,NA
ACR7_4,2.003417983680594,0.9881454996902802,TP4,516.1833524160182,810.5672341601726,21.72421724,2.8015969149827944,0.8948538759871055,75.16674741188511,48.82730587166599,1071960.3722762256,ACR7_4 - TP4,17.60893868252154,11.21367928355706,19.439999999999902,23287500,1322481.7474726597,2.471624683615952,1.2190790079420077,0.8105672341601726,0.5161833524160182,1.8689291465378423e-6,9.218115942028986e-7,2.991563483370874,20220319,Acropora,ambient,blue,ACR7,7,Mahana,3,NA
ACR8_4,1.2294662524915143,0.5766189279515721,TP4,309.1570251653592,349.32677061141027,15.93981667,1.4680219029143937,0.364370564620799,23.995257154987087,12.710183824215838,634051.625304337,ACR8_4 - TP4,5.568204681469024,4.9279063033784025,5.807999999999924,10106666.666666666,1815067.3771568844,3.519530582610766,1.6506577120967367,0.34932677061141026,0.3091570251653592,1.939063324538259e-6,9.094195250659629e-7,1.8060851804430864,20220319,Acropora,ambient,blue,ACR8,8,Mahana,19,NA
ACR9_4,2.349402027991603,0.8086366050397118,TP4,447.8416614507414,702.1998468550009,13.69032756,1.9813258580644264,1.0868987564239116,40.00452126508505,25.23533483664871,1073750.7875962027,ACR9_4 - TP4,9.6133459160268,6.131099040275275,14.880000000000004,14700000,1529124.212153131,3.345774053517754,1.1515761626286556,0.7021998468550009,0.4478416614507414,2.188032879818594e-6,7.530952380952382e-7,3.158038633031315,20220319,Acropora,ambient,blue,ACR9,9,Mahana,21,NA
ACR1_5,2.849982275318259,0.8674473324584208,TP5,503.4182278794137,696.5888486454375,26.544551050427835,2.0569193239047148,0.910167964570303,59.78063057029642,39.545592540096145,709499.0341917946,ACR1_5 - TP5,18.490638254027562,13.363010849661011,24.1600000000004,18833333.333333336,1018533.437007299,4.091340653615451,1.2452788099396492,0.6965888486454375,0.5034182278794137,4.016893805309734e-6,1.2226194690265483e-6,3.7174296077766797,20220319,Acropora,ambient,blue,ACR1,1,Mahana,17,NA
ACR10_5,2.666820300311606,1.1062610596345999,TP5,497.1598548613839,680.820424605569,26.223195463087137,1.5873351536655145,0.863510323594039,52.0039596974219,35.992562436892506,976997.6369227688,ACR10_5 - TP5,17.853287069693817,13.0371200504301,22.64400000000011,25620000.000000004,1435029.8575263645,3.9170685894986472,1.6248940537815215,0.680820424605569,0.4971598548613839,2.7296077283372358e-6,1.1323067915690868e-6,3.773081359946206,20220319,Acropora,ambient,blue,ACR10,10,Mahana,5,NA
ACR11_5,3.093574223210804,0.9899619777365382,TP5,424.2313191110872,548.8478658668209,20.11743930361351,1.7387898863309545,0.6495856556481662,37.2700267009293,18.83152195875904,745456.0414144237,ACR11_5 - TP5,11.04141362849358,8.534447812909189,13.067999999999968,14996666.666666668,1358219.8051131899,5.63648766006401,1.8037092595286768,0.548847865866821,0.4242313191110872,4.149908312958434e-6,1.3279951100244495e-6,4.083536200947342,20220319,Acropora,ambient,blue,ACR11,11,Mahana,1,NA
ACR12_5,2.6396498483655653,0.9477592865655756,TP5,443.5392118997122,662.6363605516456,16.903883430206328,1.9695917886244867,1.1988369467685465,73.9943874532938,52.16552774046412,1396313.7581641441,ACR12_5 - TP5,11.201127795381188,7.497535134678318,20.26499999999998,23603125,2107209.6873792303,3.9835572049925747,1.4302856634316972,0.6626363605516455,0.4435392118997122,1.890441767068273e-6,6.787581093605192e-7,3.587409134931141,20220319,Acropora,ambient,blue,ACR12,12,Mahana,11,NA
ACR13_5,1.5384500586929655,0.5959291674356175,TP5,394.8858207256531,497.57252408717477,12.726260794777003,1.9167059667684156,0.4269910924841508,53.909982756409626,29.574908613728056,620894.6047930745,ACR13_5 - TP5,6.332237705848848,5.025419938714219,5.43400000000005,7901666.666666666,1247847.4488360088,3.091911197298002,1.1976729794895402,0.4975725240871748,0.3948858207256531,2.4777958236658933e-6,9.597911832946637e-7,2.134379226128583,20220319,Acropora,hot,red,ACR13,1,Mahana,10,NA
ACR14_5,1.1877223029652013,0.4733131431597955,TP5,408.6678810596383,555.8797640908106,33.61437397192364,1.8181953961435868,0.5176356999697037,66.48710762445602,48.722609005538914,769983.1037049306,ACR14_5 - TP5,18.685550273573195,13.737114984252292,17.400000000000084,25882500,1385161.2406943876,2.1366532471420756,0.851466762662138,0.5558797640908105,0.4086678810596383,1.542530345471522e-6,6.14705882352941e-7,1.6610354461249968,20220319,Acropora,hot,red,ACR14,2,Mahana,8,NA
ACR15_5,2.027946360011355,0.7906574313437498,TP5,432.07784651361214,578.2313164340258,25.580484288405707,0.7978738701694879,0.4157075323558228,31.366685280609587,22.939753344152685,419264.9317769594,ACR15_5 - TP5,14.791437105104745,11.052760564109628,10.634000000000032,10725000,725081.6755525833,3.5071541481318866,1.3673722070602536,0.5782313164340258,0.43207784651361214,4.836909090909092e-6,1.8858181818181822e-6,2.8186037913551045,20220319,Acropora,hot,red,ACR15,3,Mahana,20,NA
ACR16_5,2.062160058580674,0.6723139470892081,TP5,356.9624686057026,464.3504527081341,14.011683144139875,1.4541436450139464,0.5209937967411824,40.60754116024707,24.94561120204779,591173.3264392067,ACR16_5 - TP5,6.5063314111842825,5.001645004453083,7.299999999999861,8283333.333333333,1273118.8760373336,4.44095627893538,1.4478589245864024,0.46435045270813413,0.35696246860570263,3.488249496981891e-6,1.1372535211267612e-6,2.734474005669882,20220319,Acropora,hot,red,ACR16,4,Mahana,18,NA
ACR17_5,1.9132917246481684,0.6528091658516615,TP5,512.4597229457348,595.1944493592266,23.330995177020682,0.6019353179512975,0.6270628358969187,49.74369893758653,32.94694436168322,566931.8103653392,ACR17_5 - TP5,13.886478827389597,11.956195324464293,14.62999999999992,13227083.333333332,952515.284669885,3.2145658056925375,1.0967998215616117,0.5951944493592266,0.5124597229457348,3.374818081587652e-6,1.1514773980154362e-6,2.56610089049983,20220319,Acropora,hot,red,ACR17,5,Mahana,4,NA
ACR18_5,2.1970794376399305,0.7421783577040411,TP5,636.9489250724898,766.1071677117038,47.7540198149152,1.4114518581103301,0.5887671887931458,54.311553457745404,41.346508789262344,684130.8883864066,ACR18_5 - TP5,36.58469686725327,30.416871589000618,28.115999999999808,32670000,892996.3289990441,2.8678486904154905,0.968765714489872,0.7661071677117038,0.6369489250724898,3.2114898989898987e-6,1.0848484848484849e-6,2.9392577953439716,20220319,Acropora,hot,red,ACR18,6,Mahana,22,NA
ACR19_5,1.618939014248971,0.5062069753300665,TP5,385.09766364650966,509.64668437162743,23.330995177020668,0.41522017927214494,0.33003307152469774,38.415742371879965,17.94801279683232,306727.1646881306,ACR19_5 - TP5,11.890564335059015,8.984711733218644,7.70000000000004,7156249.999999999,601842.7551752094,3.17659088912754,0.9932507967832618,0.5096466843716274,0.38509766364650966,5.278107714701602e-6,1.6503493449781665e-6,2.1251459895790377,20220319,Acropora,hot,red,ACR19,7,Mahana,16,NA
ACR2_5,1.9605423532406614,0.6035445578473393,TP5,451.5396141119335,619.1827789024524,23.97370635170212,1.7819522510738934,0.7434812013843896,53.271696135100335,27.690837213949063,1246921.6438538267,ACR2_5 - TP5,14.84410611943829,10.825078114880384,17.824000000000062,29893333.333333332,2013818.3527392158,3.1663386322143343,0.9747437726177836,0.6191827789024523,0.4515396141119335,1.5723059768064228e-6,4.84027653880464e-7,2.5640869110880007,20220319,Acropora,ambient,blue,ACR2,2,Mahana,14,NA
ACR20_5,1.544624494112212,0.48643503194219145,TP5,531.1416700594181,713.8013215275432,40.362841306078714,1.2808810858469903,0.19949041592340286,42.68814940291408,24.074618350855726,386535.3915091461,ACR20_5 - TP5,28.811049464885496,21.438386939653913,8.051999999999948,15601666.666666668,541516.7776405285,2.1639417685676143,0.6814711843082817,0.7138013215275433,0.531141670059418,3.9960752056404225e-06,1.2584488836662751e-6,2.0310595260544035,20220319,Acropora,hot,red,ACR20,8,Mahana,2,NA
ACR21_5,1.5640534929942886,0.5999778803581842,TP5,415.5124361409207,544.5443569328916,11.440838445414139,1.7830860996185955,0.323402871009249,53.56600418089517,24.12148386822276,727656.4597708249,ACR21_5 - TP5,6.230044014031145,4.753810653948734,3.699999999999926,8325000,1336266.6429403466,2.87222422394332,1.1017979944508436,0.5445443569328916,0.4155124361409207,2.149439439439439e-6,8.245345345345344e-7,2.164031373352473,20220319,Acropora,hot,red,ACR21,9,Mahana,15,NA
ACR22_5,1.9338160848262576,0.7324883379642093,TP5,421.3092147978915,630.0559824711302,22.0455728276578,1.3409721866202358,0.5046364676921852,34.24837294555419,25.048566635892165,586852.5214173138,ACR22_5 - TP5,13.889945047068785,9.28800297779024,11.125000000000052,12937500.000000002,931429.1709692704,3.069276601805566,1.1625765937358952,0.6300559824711301,0.4213092147978915,3.2952334943639285e-6,1.248164251207729e-6,2.666304422790467,20220319,Acropora,hot,red,ACR22,10,Mahana,12,NA
ACR23_5,5.62268876072059,1.8921709638494346,TP5,1016.3781567076057,1387.711648631593,14.01168314413986,1.5950974461870673,1.3217541254310716,112.21635429699275,65.08854008602299,1484475.4756461384,ACR23_5 - TP5,19.44417591605783,14.241168686411902,18.519999999999868,20800000,1069729.0587060815,4.051770240788178,1.3635188302377392,1.387711648631593,1.0163781567076058,3.787660256410256e-6,1.2746394230769229e-6,7.514859724570025,20220319,Acropora,hot,red,ACR23,11,Mahana,23,NA
ACR24_5,2.5044478310222082,0.8835593676069993,TP5,453.08784676445134,628.0569959086025,26.223195463087137,0.9695614722389314,0.7298881643521362,37.26662531939016,24.17325534915468,398978.8359213297,ACR24_5 - TP5,16.469661365670603,11.88141116765348,19.139999999999937,10462500,635258.9629928917,3.9876123462314967,1.4068139887985238,0.6280569959086025,0.45308784676445135,6.277144563918757e-6,2.214551971326165e-6,3.3880071986292073,20220319,Acropora,hot,red,ACR24,12,Mahana,6,NA
ACR3_5,3.1155190640109773,1.0791695155893826,TP5,534.0527518891764,656.5805163518432,17.546594604887765,1.8664590330751205,1.1751568018934109,33.05769655374734,20.53674847537774,995444.8176400658,ACR3_5 - TP5,11.520752145893676,9.370807135024087,20.620000000000083,17466666.666666664,1516104.7165563996,4.74506779659215,1.6436209858702016,0.6565805163518432,0.5340527518891764,3.1297757633587785e-6,1.0841078244274811e-6,4.19468857960036,20220319,Acropora,ambient,blue,ACR3,3,Mahana,7,NA
ACR4_5,2.33802081533181,0.8006780894802751,TP5,387.520168438813,556.0790883746993,21.08150606563567,1.699119592712083,0.8321986078877848,36.23555155982003,22.382651340511423,789317.4210700422,ACR4_5 - TP5,11.722984674544376,8.169508781498992,17.543999999999894,16639999.999999998,1419433.7416590308,4.204475342105287,1.439863692447933,0.5560790883746992,0.38752016843881304,2.962079326923077e-6,1.0143930288461538e-6,3.138698904812085,20220319,Acropora,ambient,blue,ACR4,4,Mahana,24,NA
ACR5_5,2.090899229885926,0.6935068235427924,TP5,580.8222503244572,746.760066914147,30.07946251117577,2.1374633930414233,0.8706937496063721,61.048048957581635,33.88541266724113,940633.4966752713,ACR5_5 - TP5,22.462141437587192,17.470821104291257,26.189999999999934,28293750,1259619.4391623964,2.7999612225198316,0.9286876123526341,0.7467600669141471,0.5808222503244572,2.2228628230616304e-6,7.372763419483106e-7,2.7844060534287185,20220319,Acropora,ambient,blue,ACR5,5,Mahana,13,NA
ACR6_5,2.001230624541124,0.6124879076430854,TP5,521.620812250407,610.8732955648513,28.472684574472154,1.640256291177829,0.6857800833261269,32.150287676797696,18.94257629937583,678588.980588185,ACR6_5 - TP5,17.39320265958631,14.851944854685799,19.526000000000042,19321250,1110850.622403979,3.276015892445687,1.0026431210693882,0.6108732955648514,0.521620812250407,2.949105691056911e-6,9.025904121110177e-7,2.6137185321842096,20220319,Acropora,ambient,blue,ACR6,6,Mahana,9,NA
ACR7_5,2.43287282762282,0.8684956452203294,TP5,469.36835161023237,572.4015831135191,19.796083716272797,2.2605481286793423,0.5632427180955277,46.01364659067537,24.835972965493635,634595.2148946188,ACR7_5 - TP5,11.331309658642306,9.291655182245126,11.150000000000105,12562500,1108653.8430638222,4.250290179823509,1.5172837931304055,0.5724015831135191,0.4693683516102324,3.833739635157546e-6,1.3685820895522386e-6,3.3013684728431496,20220319,Acropora,ambient,blue,ACR7,7,Mahana,3,NA
ACR8_5,2.9183549192748344,0.9430486357135863,TP5,700.0843651899834,887.0859559628533,18.189305779569214,3.404610420566945,1.5932438736914978,109.20221607528788,56.63250772094044,1582706.5464845435,ACR8_5 - TP5,16.13547770576981,12.734048589936208,28.980000000000004,28788333.333333336,1784163.683176176,3.289822028697567,1.06308597196761,0.8870859559628533,0.7000843651899834,1.8439014647137147e-6,5.958455392809586e-7,3.8614035549884207,20220319,Acropora,ambient,blue,ACR8,8,Mahana,19,NA
ACR9_5,2.474358162858108,0.8208875339021312,TP5,550.5065140444038,664.3543090802493,15.618461080843456,2.578679153569004,0.8041765405047018,35.619066252458005,20.352197207820797,862227.5009657618,ACR9_5 - TP5,10.376191920260519,8.598064564353322,12.560000000000016,13466666.666666664,1297842.8666466447,3.724455654218121,1.235617083659156,0.6643543090802493,0.5505065140444039,2.869727722772278e-6,9.520544554455447e-7,3.2952456967602393,20220319,Acropora,ambient,blue,ACR9,9,Mahana,21,NA
